date,AAPL,MSFT,SPY
2021-01-01,100.52846710683146,99.5250933309112,100.25562880462424
2021-01-04,99.04172050360707,97.76736786446085,99.27342612062992
2021-01-05,100.23304738824059,98.39209098583433,100.21907618250924
2021-01-06,101.72839008137962,99.04598449549698,99.06058035208545
2021-01-07,98.86357717196724,97.15279387776377,98.8168290117755
2021-01-08,97.01913225932442,97.50154227684689,98.27870864104423
2021-01-11,97.2734227976791,98.49746150315073,98.47971762808628
2021-01-12,96.88087839154962,99.03742412593016,97.89012868413133
2021-01-13,96.92428906585673,99.9143740277078,97.6643673500325
2021-01-14,95.75898767635563,98.16581721127324,97.47300585679321
2021-01-15,97.09845457383256,98.6483575638344,96.79850975673762
2021-01-18,98.30671522311822,98.32000600482434,97.3081296166341
2021-01-19,98.47303938108988,97.76349584722608,97.57940155683478
2021-01-20,100.22236997224844,98.93553507622786,97.53197588866176
2021-01-21,100.99833757812834,100.91706549665862,97.15189666939035
2021-01-22,99.77470259164814,103.36080791715392,97.96802393405525
2021-01-25,100.39836596752141,105.20579232056248,97.77635673146803
2021-01-26,99.03394725162491,105.11887099327018,97.51593726012179
2021-01-27,100.41779648822397,105.66536606786397,97.65713522394377
2021-01-28,100.41288731623455,106.78803345645831,99.36784703408091
2021-01-29,100.20495347333677,107.02058373344174,98.08407595449566
2021-02-01,99.25612992458778,107.26700733049788,98.88164181651203
2021-02-02,101.16388243372596,108.48695251795064,97.06607052736365
2021-02-03,101.00033745492169,108.46843815261124,97.31611698586788
2021-02-04,100.42377084526277,107.50942389742532,98.90061390587823
2021-02-05,99.96468137805972,106.99588310116694,99.42485484953222
2021-02-08,100.83661917859948,107.94600980793842,99.63448922192794
2021-02-09,101.46188757878576,108.01499993074806,99.1172891021052
2021-02-10,102.16347488665019,108.55889485402157,99.18773418287806
2021-02-11,102.89782857685101,109.57441040818973,98.9776167504491
2021-02-12,106.3314661627523,109.10720451661409,98.24201400584253
2021-02-15,105.75922298577123,110.25128313646798,97.99683761426824
2021-02-16,105.02321155787595,110.86210220695443,98.23072227087457
2021-02-17,103.8216784569707,109.1621658170385,97.51896284673812
2021-02-18,104.8587795890958,111.2950183684845,96.77454856098265
2021-02-19,106.72432126792313,110.63923986824126,95.50528604829805
2021-02-22,106.61666814817434,108.34911690485052,95.91753841624968
2021-02-23,105.35520164971315,106.95123782533946,96.48061237474595
2021-02-24,104.1331423984248,105.60433507140294,96.7430683680749
2021-02-25,105.22797505739237,105.73941045645037,97.72040486521654
2021-02-26,106.48221757902627,105.4268786037795,97.84543755900313
2021-03-01,107.42847895939876,105.02924164397054,98.26905492881359
2021-03-02,106.43587259494925,105.94233416657207,98.6075222727217
2021-03-03,106.88196432198642,106.47532929262258,98.5567130312657
2021-03-04,107.1441769412662,106.97786359813071,98.07416037625114
2021-03-05,107.57149588147578,107.61388700057633,100.31000664895187
2021-03-08,109.06315696623932,108.54441580011023,99.89762857461292
2021-03-09,109.50618912726407,105.6737014240912,99.27434411729618
2021-03-10,110.70453138701366,105.23735898619431,99.7460312991907
2021-03-11,110.89440684426751,102.357913778614,100.03756972255813
2021-03-12,111.45436781179127,102.4673702542703,98.68153996471793
2021-03-15,112.59356594060395,102.52269413595931,99.83558468417307
2021-03-16,110.23640939424013,103.98806155881391,99.78149387147148
2021-03-17,109.78590682359462,105.66939942635769,98.71860439179237
2021-03-18,109.09036526213407,106.01190748648288,99.93912635317268
2021-03-19,108.1255887306041,105.38778405407008,100.6066158963517
2021-03-22,107.75566213028236,106.11822714952473,99.38215793956626
2021-03-23,110.27645013170127,105.45569306469322,101.2046220623841
2021-03-24,108.9297227969122,105.51707511847039,101.9143140645807
2021-03-25,110.60077592143425,106.94263416611585,101.94469301573488
2021-03-26,107.91933587902554,106.23371589635309,103.6202349648953
2021-03-29,107.45377795636502,107.41666699597148,103.82695372130632
2021-03-30,107.79185279528993,108.4318184433577,103.83932743867173
2021-03-31,108.82002965272403,107.15852502891552,103.19720557036113
2021-04-01,110.06419783628911,108.5889772852124,103.84093729642305
2021-04-02,111.45980367838233,109.64537195537511,104.37877069530757
2021-04-05,110.95593546380593,109.85664659282905,104.43586076018012
2021-04-06,110.26624691764366,108.83860513838269,103.65553587863468
2021-04-07,111.77271801383799,107.6942743594044,103.83182732306369
2021-04-08,111.53048271866113,107.00834332094102,103.800891308794
2021-04-09,109.49322183581613,107.83049833888722,102.4668994569669
2021-04-12,107.72302375839125,106.56311164416563,101.01021908518702
2021-04-13,106.32192859773058,107.23525506687854,101.62333912615513
2021-04-14,107.19278743235019,105.58140265987058,99.05292878116406
2021-04-15,107.49725915387079,105.36487781253896,99.2963136195122
2021-04-16,108.69248226182049,105.57850229535353,98.8622647340627
2021-04-19,108.07374753277152,109.05381387639595,100.2041978198316
2021-04-20,108.40692134157388,107.18286154016579,99.75083234951276
2021-04-21,109.50561132177003,109.3192555844484,100.45101967038825
2021-04-22,109.074986451334,109.59815088772898,100.09313512717203
2021-04-23,109.9017981929315,110.25167840547144,100.24714483740131
2021-04-26,108.89219261857508,110.4877064273536,101.0289339598707
2021-04-27,108.37663554754427,111.19503253313351,100.60293110785132
2021-04-28,107.83329374357353,111.03970088516535,101.65115904763415
2021-04-29,105.99043598136643,113.22652468838044,100.68632222883862
2021-04-30,106.84225033270963,112.6241682170889,101.02377568919168
2021-05-03,106.16690333527279,114.36274609853552,102.0009665509944
2021-05-04,106.2611589116047,113.47682231129204,102.71751669243454
2021-05-05,107.10514625401109,113.45602686548524,104.74691558869888
2021-05-06,107.90044482947071,111.95307610687308,103.9918696602472
2021-05-07,109.05908193688154,112.68486625062839,102.6085463707569
2021-05-10,108.97434518282118,114.89076024265495,101.63397472473812
2021-05-11,108.36043315193578,114.84416651533597,102.3483613590574
2021-05-12,108.30672427199417,114.61934809304995,102.90040010802126
2021-05-13,105.673824734064,113.03828888821046,103.04688694891837
2021-05-14,103.47712127542626,112.76948693120809,101.93695431733974
2021-05-17,101.51535254105868,110.5247492691203,102.76277742951336
2021-05-18,100.07814603849484,109.28641071843445,101.5525250099116
2021-05-19,100.75057969358345,109.67487155804206,102.77741682914177
2021-05-20,99.46101603640396,111.63866466406529,105.79889048593259
2021-05-21,98.96767982826852,115.86053562612673,106.22978638682854
2021-05-24,100.9859860181278,115.04939784329564,106.89377937709932
2021-05-25,100.51809844869753,117.2865967745798,106.41079490146666
2021-05-26,101.70744733907561,117.72945841846646,104.54367162494434
2021-05-27,100.36326598644811,117.56872397177874,103.95703624532216
2021-05-28,100.124528905264,118.30272144709357,102.86821966561047
2021-05-31,98.77695904280023,118.46904343745825,101.43099373464968
2021-06-01,98.34472155102313,118.71039055650961,103.23441767044443
2021-06-02,99.66190377910003,118.15277647674914,103.5579052408506
2021-06-03,97.18085130883559,116.09433314256512,103.99343820749456
2021-06-04,97.88467927914022,113.8561659674289,103.71404857917523
2021-06-07,98.30315062430101,114.89608753388889,103.57633411179484
2021-06-08,97.49916641874843,114.55224785391998,104.6220544845081
2021-06-09,95.47390466825233,113.73621644218667,104.63007185553876
2021-06-10,95.64418535781945,113.81706306379496,105.22889643549107
2021-06-11,94.95399513583222,115.06838097121921,105.06486281749167
2021-06-14,95.35270070340147,115.40772582410777,104.74788541669204
2021-06-15,95.45075288978495,114.49630890905833,103.32581312877767
2021-06-16,97.84035515240375,116.40603654396867,101.3428922157785
2021-06-17,97.5579720943366,118.89179643722973,101.1186035380708
2021-06-18,96.13892920206852,119.73045912055736,101.21622673947954
2021-06-21,96.46530972750737,121.32836957085115,99.96276702519971
2021-06-22,96.85193890143174,123.37717761342913,99.96829025557453
2021-06-23,98.91602154340065,125.27827200367823,100.06205703737945
2021-06-24,100.23304168245363,126.35819969137833,97.96698006942763
2021-06-25,100.84159884803921,127.42134088586158,97.1133873166727
2021-06-28,103.15167737095857,128.3620552140294,97.54871323624664
2021-06-29,101.39959073889668,126.61986863892525,97.96619434178908
2021-06-30,100.50151299396575,127.85525947031586,96.88122215421829
2021-07-01,99.18374529298727,125.69687532418557,97.0736719441536
2021-07-02,98.67454356354263,124.47980129770535,98.11048749831687
2021-07-05,96.7254645793958,126.68324157758836,98.91540566787425
2021-07-06,97.71977734357714,128.15143776859617,98.86073462142441
2021-07-07,97.46278642130444,130.73192466811946,98.43853818885529
2021-07-08,95.4028577063291,130.34921041574103,97.8601022579257
2021-07-09,94.02632975082454,128.48829979463275,98.35831916811138
2021-07-12,94.53570128141153,128.1641884815452,98.58983552983457
2021-07-13,95.79873238602526,128.41132281818543,99.25201368935326
2021-07-14,98.78051970996549,128.62039922627528,99.42274859214444
2021-07-15,103.26601754078595,130.60836572085717,100.28023192459979
2021-07-16,103.982695396143,130.0744209262479,100.4152924991384
2021-07-19,102.52241146062944,130.74949014264493,101.2468301715127
2021-07-20,99.36507848681028,129.15730118118253,102.17322184370478
2021-07-21,99.8347581560053,129.99359436506776,101.39505877599579
2021-07-22,98.69381544744842,130.07687037523812,99.61800481429496
2021-07-23,98.14950971686174,128.89240839205073,101.20800434476249
2021-07-26,97.32057959734962,128.57497936527912,101.50869251416357
2021-07-27,97.18327319479022,128.34448609351176,99.82309570098963
2021-07-28,98.81884383536124,127.97128845164467,99.15272928563425
2021-07-29,99.1212692235768,131.0309252480338,99.96100144211432
2021-07-30,98.9549325383855,130.94188095267822,99.72170496514883
2021-08-02,97.49779021739579,130.60570755784167,99.25206663213719
2021-08-03,95.14570649092234,127.16889133583874,100.6925243819166
2021-08-04,94.52032119695608,125.77459300183895,99.68335268759174
2021-08-05,94.51023280054038,125.42041398912265,98.93045765788409
2021-08-06,97.11803175043633,124.38173206147192,99.17946830654991
2021-08-09,97.3761368184673,126.71209187828887,99.60731139466704
2021-08-10,98.89139931826251,126.51657519267533,100.14298350694509
2021-08-11,98.222256811447,128.73076161330673,101.10012680333888
2021-08-12,96.55943070019552,128.91138937418646,101.34161805006947
2021-08-13,95.23827692452593,129.05120016642007,101.87952684464041
2021-08-16,94.27382113732794,128.97967996617805,101.65644208900267
2021-08-17,97.4004260182427,129.06346028379144,101.76089515674252
2021-08-18,96.27510635057588,132.0589691247026,101.91113806159416
2021-08-19,97.5619072252102,128.2130866429633,102.17144335078983
2021-08-20,96.31684395148106,124.99497350045014,103.00500893997366
2021-08-23,97.74057843586067,124.18995687300662,103.61986663753977
2021-08-24,98.37542967208415,124.28796432065295,103.70716894016252
2021-08-25,98.2132864355308,125.48328013503023,102.9125897301568
2021-08-26,98.22198479637495,126.33317425965578,103.02345668543616
2021-08-27,97.33009598661914,125.77913353881705,103.03580191722538
2021-08-30,98.05213584792847,127.5329839003576,103.27634276739408
2021-08-31,97.45342615851791,129.33003766266742,105.62272934624797
2021-09-01,95.7452000708822,129.7176701210699,105.11298931960967
2021-09-02,93.99310545732799,131.43006287556847,105.60004005053085
2021-09-03,94.30274063431223,131.9758903861462,106.77708795037859
2021-09-06,96.63071206737095,131.09470198850943,106.92454409832106
2021-09-07,96.93071987197472,132.36875111445653,109.49751353366666
2021-09-08,96.82613236575229,132.63878980872497,109.12799382722991
2021-09-09,97.31024848777449,132.7207086725753,109.52604127550553
2021-09-10,99.30484272823684,135.36778153606613,108.6980966006869
2021-09-13,99.70193410680149,131.2014652146059,108.36000204066447
2021-09-14,99.15865742393416,128.88288838280693,108.67354357765053
2021-09-15,100.88845476178226,126.98541463719519,109.64100259019925
2021-09-16,101.61049680430519,126.46300895397597,110.03542551881547
2021-09-17,104.05121030114121,126.12076998824828,111.47423774728536
2021-09-20,104.41065203695301,123.74768651435298,111.41298242240872
2021-09-21,102.58222434956097,122.24627432488204,111.08794381109881
2021-09-22,100.5688208566641,120.95840306861543,114.17838718944967
2021-09-23,103.16258065754964,124.95994218168384,114.67527078118738
2021-09-24,105.93875907519741,127.99815742737708,113.89871474367861
2021-09-27,105.72785577886539,127.39125851314705,113.15594919991332
2021-09-28,105.19550640011208,126.86665110260937,112.13910948292774
2021-09-29,107.60232431631378,125.06040887319574,113.23959039580438
2021-09-30,105.9043749368191,122.06957830947596,112.87286199139189
2021-10-01,104.56570799378042,121.95739394201905,113.06192697535265
2021-10-04,105.65357275148762,120.45782335047797,113.0353507390092
2021-10-05,105.10359507284674,120.39724144923416,113.9107824908601
2021-10-06,105.16911310269181,117.98930031094935,112.99551089581297
2021-10-07,104.98505556031049,116.89642391856772,111.83139871531121
2021-10-08,105.59189646036013,117.19279853458282,112.12735702333858
2021-10-11,107.9203935075873,117.82272379212621,112.84835591514717
2021-10-12,108.14280603498429,118.53500165048321,113.26953653558796
2021-10-13,109.2688887409623,116.58748469115147,112.4013243917451
2021-10-14,106.03392946318912,117.960856780783,113.2106869112055
2021-10-15,106.03066621012134,116.81016493741376,112.41663889582816
2021-10-18,104.7713023747941,117.84583038624615,111.87661060234959
2021-10-19,102.94529248274496,117.90025203882992,110.86985519339672
2021-10-20,101.6693031957669,115.87892636354063,112.3668113505708
2021-10-21,101.23186401121005,115.4728384795869,113.12606729036527
2021-10-22,102.70410708248843,116.09224217512248,113.8580811131406
2021-10-25,100.75141208241214,117.09125829802574,115.33314858852826
2021-10-26,100.86829831294959,116.94699214589565,118.67057500027624
2021-10-27,100.20851322067,119.37071455388156,116.70613586283648
2021-10-28,99.78701363057012,121.01706142320667,115.89392698098476
2021-10-29,101.37022594320023,120.68635051162704,115.22809507044475
2021-11-01,102.26332965935441,121.94213381248522,114.29758056011899
2021-11-02,104.4086077178691,125.12158374260926,113.11777930645046
2021-11-03,104.23985442365786,128.4284878087764,112.82444651508364
2021-11-04,103.22957558242776,126.47039331900946,111.50472903315915
2021-11-05,102.95556782696325,125.03119990789307,111.9237041849082
2021-11-08,103.40310252553215,127.54474569368676,112.02638341329605
2021-11-09,103.74993857718573,125.87754835870773,112.61159622231848
2021-11-10,102.14748966766692,123.80609123415319,113.23009427329349
2021-11-11,102.35785879786067,123.09987743740427,113.96051735820203
2021-11-12,102.78079512071056,123.84849261141659,113.58119550673833
2021-11-15,106.81096910625689,123.75797299214301,116.06256441323586
2021-11-16,109.93764016061358,122.78937639476824,116.38151365237816
2021-11-17,108.61555694020572,121.79091201881955,114.27968920182205
2021-11-18,108.2240804592717,120.74071035407302,113.18516435901024
2021-11-19,105.94840885328615,119.43971075061161,111.27671982282632
2021-11-22,105.08732398160087,123.10934681210249,111.34053821073826
2021-11-23,105.65993077241484,123.66058599084629,111.2494930789072
2021-11-24,107.66381421638185,125.169456414461,110.77389118959789
2021-11-25,106.56736104597458,124.45080079516984,113.06923933993316
2021-11-26,105.60070915051783,124.22482474039045,113.7371628421554
2021-11-29,102.32517690632297,123.1516872083107,114.61184757777652
2021-11-30,102.1472870517706,119.05012424287915,113.59510846382952
2021-12-01,100.60274526984617,117.0066178422734,112.51077526029742
2021-12-02,99.87685277444456,114.35326275439807,112.5972229168013
2021-12-03,98.64080730451809,111.12384099067786,112.83731866042189
2021-12-06,98.57040898589905,109.47602738895964,110.80634165909878
2021-12-07,96.07269831459467,111.44486910875251,110.65098159601492
2021-12-08,94.04745547056525,111.44735768038676,110.71082906541233
2021-12-09,97.16768593751561,113.40093993135696,110.51708968786593
2021-12-10,95.37598987046952,114.0768624700285,109.66565780240674
2021-12-13,93.88541831021433,115.31248661161622,109.11920525688379
2021-12-14,96.57585749003874,114.0382658235765,108.96996773846233
2021-12-15,100.9479255290032,114.8865844549277,109.11259373907885
2021-12-16,99.25887097019742,116.04971822138886,109.81841565374428
2021-12-17,98.78122548820598,115.25214458761168,111.0562463717617
2021-12-20,99.35813963581343,116.16322506229335,110.77413625969162
2021-12-21,102.0396393841618,117.09162588297613,110.31410072507512
2021-12-22,100.61068885120912,116.32785857230697,110.84228272731956
2021-12-23,100.31139877682287,114.71107570164546,111.56604682572461
2021-12-24,101.55894806146787,113.02656883507439,111.12711868247878
2021-12-27,102.29500963500891,113.22165947160386,112.05375305817174
2021-12-28,101.7906801186258,113.77224667219596,113.20208084155034
2021-12-29,101.65769158595783,112.67367151056882,114.71965990135196
2021-12-30,99.65236380333438,112.78026718867424,116.82471176152906
2021-12-31,99.36651257481927,113.68805851186872,115.8632318741943
2022-01-03,99.03955828144282,114.67417523369478,115.92569691370596
2022-01-04,99.45466351567339,117.08138482909074,115.98515618424176
2022-01-05,98.69872110771654,119.11269248077599,115.9178190195173
2022-01-06,99.468903415016,117.64283966614208,115.21372181063015
2022-01-07,101.06216313448968,120.31819672081632,113.56021604479236
2022-01-10,101.36899184113865,119.5622526217711,113.71098710933862
2022-01-11,101.97662191810734,121.2701285539038,112.88577558475414
2022-01-12,102.12942896794999,121.45020590919432,113.02809393978019
2022-01-13,102.20107397166387,120.8737254012316,112.17901812088091
2022-01-14,101.17167392435407,118.1371632438821,110.99657976086783
2022-01-17,101.72430173937224,117.94471658191561,111.30145950814175
2022-01-18,101.64709189759304,115.64718284704438,111.51416093578932
2022-01-19,104.96263769130665,117.18090287899243,112.2068907915815
2022-01-20,107.54450682469363,119.58617290732671,114.7324669866201
2022-01-21,108.24449132646107,118.42470772978444,115.09707922561323
2022-01-24,107.0875387349475,118.96186748802936,115.7030224595616
2022-01-25,105.38922981032954,117.91604765375372,114.50873906753843
2022-01-26,107.36428568162748,117.02675796488067,113.08978598044757
2022-01-27,107.86374708781923,118.28193334619729,114.94001273518263
2022-01-28,108.71947931995916,118.29364414435281,113.92901352641343
2022-01-31,105.98548924680844,121.07200696691038,112.79095225753686
2022-02-01,107.54547356880228,120.38758889242615,112.7919685974563
2022-02-02,108.35686366519508,122.03499130613791,112.7353697916629
2022-02-03,106.64159289390992,122.26296696375118,111.76720115287064
2022-02-04,105.96414061178909,123.60849915999219,111.47144001945468
2022-02-07,106.45863424221069,122.96579860007886,112.8954503105813
2022-02-08,106.61705619931125,122.96035565322163,112.03398198488867
2022-02-09,106.22515370923638,122.84955863247717,110.5276273540284
2022-02-10,106.13465403209975,121.5945030990208,111.61901795591373
2022-02-11,105.80829810272259,122.71920061227055,112.21474665775624
2022-02-14,106.12497255304353,123.83525094014922,111.56520633369398
2022-02-15,108.56941799622912,124.86938509934184,109.85788324420369
2022-02-16,104.54210291633099,127.46589330072347,109.08651973517564
2022-02-17,104.24429500576815,129.9682653165259,109.0704803560492
2022-02-18,104.5938569916355,129.4139299700962,110.39347214105608
2022-02-21,105.13284397258076,130.12111972278703,109.29877453598122
2022-02-22,104.62117954691132,129.14798248285936,109.25012568107411
2022-02-23,101.97168591952999,129.2647358101073,110.03422249228292
2022-02-24,102.54637322570402,128.33779024360237,107.48795100071777
2022-02-25,105.31178921111707,131.14803039011517,108.64836076076764
2022-02-28,102.98851221533319,131.84866190880234,107.41417037291686
2022-03-01,104.40471845172627,131.55439095038076,107.81449037057588
2022-03-02,103.96423980447125,133.69183690446673,108.12401981969919
2022-03-03,103.94138420006828,130.05005653373047,109.34683072770228
2022-03-04,102.384327499609,126.76514124220155,109.99490072618244
2022-03-07,101.94330307597279,128.16032194688287,107.45381235896379
2022-03-08,104.02356660740595,128.33808683576063,106.65649149000546
2022-03-09,105.0101806569673,128.83388831714203,106.84672828414676
2022-03-10,107.85006528605805,126.70743122936645,106.68126559639019
2022-03-11,109.84861124996141,126.7451908236252,107.23489084954984
2022-03-14,110.65192424212043,130.16779147490328,108.12795945731139
2022-03-15,113.66419853227956,131.6489508829334,108.83139534419568
2022-03-16,114.49525395590821,132.01890103713444,108.64189466653914
2022-03-17,116.00730863786384,131.34630715297448,106.69707380337768
2022-03-18,115.57326181628416,130.75272631762869,106.25468712189263
2022-03-21,115.76969359630615,127.25950925343304,106.74070784817889
2022-03-22,114.64512184968146,127.76309222687179,105.6253215439535
2022-03-23,116.4410596492602,129.25264629668294,106.33674276006944
2022-03-24,114.48120543836538,126.70808990725762,107.35003068330882
2022-03-25,115.91369667383469,125.69866771006213,107.52931197259585
2022-03-28,115.66362037908418,123.89574878151772,104.32652887028328
2022-03-29,117.79606428955229,122.42405895138788,103.04283727290975
2022-03-30,119.21372556797716,122.58273281847562,105.04687606082803
2022-03-31,122.60006917673213,119.37728547489044,104.51611930979902
2022-04-01,124.03815353993835,120.40661336604923,102.50380081843187
2022-04-04,121.23230781966761,121.6653904691609,103.81934827515447
2022-04-05,121.19542273245317,121.34166472416406,103.87475648293751
2022-04-06,119.16680076895945,117.56143303454564,105.0708950986982
2022-04-07,118.32676605775502,116.11807822944537,105.40445475973274
2022-04-08,121.12443767267533,118.06499929554188,105.93127045157757
2022-04-11,122.37393949987054,113.9456281590515,106.3590446735763
2022-04-12,121.18247632416215,113.50008482611598,107.14632969593143
2022-04-13,119.4373203542616,111.83936203092402,109.65836629253869
2022-04-14,119.5797424059999,113.08310468375726,110.77264253422166
2022-04-15,117.49961383327654,112.16225257948045,109.07944196281909
2022-04-18,116.40412151704977,112.82048294602396,109.61158344155808
2022-04-19,117.0320799668275,113.72109258680452,110.91430376072591
2022-04-20,119.1612675905872,116.53828321888169,112.30123657205588
2022-04-21,120.33857010437727,116.30099152608184,111.86791256125785
2022-04-22,116.35429981854311,116.94107341303692,113.22401247737908
2022-04-25,116.9685793184559,114.77393839574226,114.32504825473578
2022-04-26,117.17702781141995,116.6338822427806,117.35116689906016
2022-04-27,117.98933084102512,115.55576207120977,116.52092243934122
2022-04-28,120.96936709016816,114.78529666125472,115.97757377281309
2022-04-29,117.3650044561381,114.82097502648799,115.6693456658189
2022-05-02,116.41044017160891,112.57916690667192,115.14974720220175
2022-05-03,117.52908305429996,112.98224589250287,114.17509868348161
2022-05-04,114.85401674067029,114.48087196000102,111.10841855327006
2022-05-05,117.50737975553758,114.98663355209844,110.67073853854498
2022-05-06,118.24118595701376,112.7034714666127,111.12470667010574
2022-05-09,119.83613249620734,112.58975237552578,110.6222048079865
2022-05-10,118.89741851886468,113.74931981950039,112.82914096319321
2022-05-11,120.44190824640846,111.07250921824433,112.88938050940614
2022-05-12,122.4734927415509,109.59713855159492,114.40201543744818
2022-05-13,122.9881231665632,110.91967968265722,114.74736668265358
2022-05-16,123.50773732115208,111.376635862827,115.74586554294414
2022-05-17,124.09643352371991,112.0419331257704,116.11596488383802
2022-05-18,122.58550348010364,114.85226342827333,117.76336567067243
2022-05-19,122.40018039516048,115.62333812451885,117.87640129254126
2022-05-20,122.20598295697565,116.68644346783235,118.51005815490745
2022-05-23,122.99687073529566,120.94429391747559,118.9925832160972
2022-05-24,124.94283061155345,120.68098779344713,118.69750840123355
2022-05-25,123.06076236324071,119.50737961429942,119.226868231964
2022-05-26,122.91623423498967,120.24597983923051,121.96961987728707
2022-05-27,125.76623853304214,121.00675374563188,121.68892907847831
2022-05-30,124.4583486175698,120.25314470337935,122.2493334308299
2022-05-31,123.0188210600414,118.72120137532242,123.84619902812342
2022-06-01,123.47910522497652,122.41364911716765,125.31655776575101
2022-06-02,125.14057822063988,123.00867008342922,125.38138376163323
2022-06-03,125.24967209818828,121.91634726748953,122.47736964138333
2022-06-06,127.86097372166361,123.4507418813748,123.16110603441845
2022-06-07,129.6055284210328,123.3496910576229,120.50588150353872
2022-06-08,131.3443816830012,123.0186388884331,122.33925120717886
2022-06-09,132.53337348921204,123.99551888219813,122.59578856823636
2022-06-10,137.33858299004012,122.00364940214949,123.87703397823392
2022-06-13,137.01245858546184,122.63777735478854,122.81366656122646
2022-06-14,133.04920549014346,125.80128056287734,120.97007802943442
2022-06-15,136.3851462903908,126.64195250061002,121.33444849803243
2022-06-16,135.54685173954766,126.09972672371295,121.34220997711569
2022-06-17,135.86144185625636,125.34635018443797,120.79553551773392
2022-06-20,138.65361114844478,124.75431054854282,120.94621467915105
2022-06-21,135.45573712547449,124.41773976058921,124.38981437155934
2022-06-22,133.02940785361187,123.88246928556828,125.48240560791555
2022-06-23,129.96316269354992,125.44223033316742,126.8570092140034
2022-06-24,128.5141483357298,122.72101619487792,127.9833157036529
2022-06-27,129.45502857605655,124.17844687808271,129.94282302196302
2022-06-28,130.56828789470768,123.64118407459044,129.74796190587927
2022-06-29,131.20230979196063,124.32312402742265,127.16000825888693
2022-06-30,128.54113800502478,122.58849439378024,126.97120642129585
2022-07-01,124.25022075418435,124.79911645974067,128.05728421819813
2022-07-04,124.43864030384009,126.91259621438837,126.87212542747646
2022-07-05,123.64766439444537,128.58283250255678,126.69923295775321
2022-07-06,124.5898187478525,126.15123885021855,125.8761309713742
2022-07-07,125.99676045094235,127.59485763293665,127.83222070936897
2022-07-08,126.34671286566986,128.3451585032135,128.84539517003307
2022-07-11,127.88505001492739,125.76997701978026,129.73950140614795
2022-07-12,128.41535666350492,125.80571762513199,130.6007053781251
2022-07-13,129.53109328046114,126.47918405612282,130.6042979231059
2022-07-14,128.2588972518933,127.47327314990196,130.91492544959507
2022-07-15,128.0033819072392,127.84404441319353,129.42425963829018
2022-07-18,128.47165883169438,128.4060009404746,126.67584508091913
2022-07-19,130.1537251885761,130.9681383032679,126.91686094939907
2022-07-20,129.4778903556004,133.15215746403496,127.3796677316448
2022-07-21,130.58542947207366,128.35768758302913,128.98095813928995
2022-07-22,130.15682410417276,127.90580566516152,131.07610914101846
2022-07-25,130.01852368194312,127.70892314233981,133.2035121369944
2022-07-26,131.73860785594306,124.9078611837581,131.93348436017592
2022-07-27,127.94798449945719,125.1359485529209,131.522144788203
2022-07-28,125.5716767861464,127.26029880257235,132.20828317279455
2022-07-29,122.89667286867791,125.5506425656544,135.65265734202663
2022-08-01,118.75228710371348,126.17658774233166,137.73046466258188
2022-08-02,117.6325444791501,124.7581060147285,139.3366005164589
2022-08-03,119.04567517191182,123.74733356742777,138.8528463092343
2022-08-04,118.62105299883791,126.22272074874337,137.68696189556158
2022-08-05,119.05681720581978,125.41079636024011,138.833003228661
2022-08-08,121.10271830996821,126.2423512581957,137.36823717668813
2022-08-09,123.62519769740177,123.28239852277132,137.09591893797563
2022-08-10,123.58353449513817,126.3793091671926,136.99343974232409
2022-08-11,126.20670875920663,127.44976115839873,139.24878597824443
2022-08-12,126.46973218980919,127.22405680679285,138.81126260258046
2022-08-15,124.97853904889185,128.2564613262802,135.5204689218616
2022-08-16,123.95592138034218,126.00281033102519,136.26031506020212
2022-08-17,121.31833782567128,128.03160027002042,135.36528227700757
2022-08-18,119.79668020765403,127.5700095586113,135.47718222215462
2022-08-19,119.23850414894648,127.30838924707048,135.41392278320419
2022-08-22,120.76898419068279,126.57321073989081,135.097824545743
2022-08-23,124.01357638815497,125.69676929464808,136.22426678957714
2022-08-24,121.5539654049461,126.91316741892051,134.2057270783578
2022-08-25,122.35794640329236,127.4125084169565,133.567071120386
2022-08-26,120.54734457695884,128.57374700833265,134.5376568188681
2022-08-29,121.49377575881172,128.6362064622692,133.76750937873268
2022-08-30,121.3400255871363,129.57500633600648,131.6853310975744
2022-08-31,118.1356033975993,128.94872945878373,132.62170800408475
2022-09-01,119.87596711557234,132.82087198327903,134.1732293085345
2022-09-02,118.87619699568823,130.2190845591084,134.16652724452163
2022-09-05,118.01055700449716,132.45069765785254,131.61398905265503
2022-09-06,116.21335865692677,134.9080290390367,132.5994606836449
2022-09-07,115.15897341535994,133.50183397895006,130.46880182240233
2022-09-08,115.98164060044047,137.509880451382,130.92467063104684
2022-09-09,115.73385976637482,139.3846177388369,129.81981962854633
2022-09-12,116.38727090306149,141.24019520229072,128.37415595017535
2022-09-13,117.10277881829289,141.37645717592778,127.85924279496808
2022-09-14,119.52934731617009,141.06239376826014,127.67615483599184
2022-09-15,118.9996001704215,140.76333243247717,126.90705080947771
2022-09-16,116.47390609964788,141.5647039779512,127.70743297628772
2022-09-19,118.43634013689143,144.25351984140235,127.18990367210787
2022-09-20,117.9314212426686,144.68072106073987,128.49412492030822
2022-09-21,120.00365087487712,143.0623606699822,128.90747700164502
2022-09-22,120.7802553406082,144.6906732244869,128.06261735869148
2022-09-23,120.62731606591204,146.52164065306954,127.00925319120107
2022-09-26,121.3449599852354,147.8626362278963,124.98390644671227
2022-09-27,125.03611140657172,149.3922197900635,125.39795401124
2022-09-28,129.08321769288952,148.9563230795246,125.00408751571253
2022-09-29,129.30811072860737,147.25654505080288,122.12248073986429
2022-09-30,129.70995866711144,145.6912644259752,121.51859944116133
2022-10-03,131.9132451838868,142.71201710103267,120.47677461778213
2022-10-04,130.34171224385472,143.23821238996345,122.43910061256709
2022-10-05,131.08626437447458,143.16878244080235,120.42004219023299
2022-10-06,131.12717718090894,142.43765438542587,118.74430387524457
2022-10-07,131.8383160774376,137.15084056572678,120.11770905883394
2022-10-10,130.29169720828304,135.02584695854515,121.80724087539075
2022-10-11,127.3109156227034,137.08993187795627,120.95154042421032
2022-10-12,123.49954817754912,135.99212906403605,120.23751939545681
2022-10-13,121.53189466776094,136.71311803490315,121.02915521394648
2022-10-14,120.78312796848584,134.34428429360094,118.29251182334501
2022-10-17,120.3373119977377,136.96274602474472,116.15767483261543
2022-10-18,123.97218181652936,136.78859098005444,115.87838082350672
2022-10-19,126.13428593202991,137.38773729605938,117.73544378469248
2022-10-20,124.41412688808506,141.69009809408143,117.27044987642718
2022-10-21,125.15229564252333,144.59778423507018,117.43584360906962
2022-10-24,124.4775262164432,144.10909733688953,118.82241473517092
2022-10-25,124.03449714823103,143.08784905861862,121.40097533889735
2022-10-26,124.46687477807514,142.5690844758082,120.75098235620464
2022-10-27,125.71622459565475,143.60340424846078,120.77895547946326
2022-10-28,125.16568053541125,143.49317155049098,123.04899543543404
2022-10-31,127.26812442905783,142.84344997650354,121.23861399094251
2022-11-01,125.19430914989469,145.6814853620605,122.53986809641096
2022-11-02,125.29388896630603,145.552653785367,121.34688661009723
2022-11-03,130.36356427670876,150.05960188030912,121.51989560759864
2022-11-04,130.8921094047307,150.32689372317304,121.27392243112271
2022-11-07,133.8301701412876,153.94899611490695,120.16570830454202
2022-11-08,134.10786137577193,154.75860347692233,119.03775044969672
2022-11-09,135.3759967579953,156.80217726604647,119.41499951136889
2022-11-10,135.35545529122749,155.42527193493694,120.65801363731966
2022-11-11,135.10445319021122,153.80201830146532,120.54978828296323
2022-11-14,133.62748562243848,154.81678063215028,120.68260257227274
2022-11-15,134.5869543688844,156.91331976086042,121.42244189178966
2022-11-16,132.97184754159244,157.08968495054538,120.29650051259213
2022-11-17,134.40010532286865,154.57721896700383,121.2381093716492
2022-11-18,136.7016093892122,151.95894897804004,122.28445008479478
2022-11-21,137.551513133384,149.255206879472,125.56030384993129
2022-11-22,137.05807716520567,145.9521095561821,125.13899881555966
2022-11-23,138.09118676510337,146.24771482086487,124.61690757942489
2022-11-24,137.54954022597352,148.49145757128014,125.62910447561617
2022-11-25,139.59108840515856,148.55466820911312,126.7130387450524
2022-11-28,135.9036610908112,144.33942366539807,126.0872491487552
2022-11-29,135.31591420335835,144.06833689180797,125.63017777814012
2022-11-30,131.4267904457221,143.8500390987334,126.36237894609484
2022-12-01,128.6022178139021,147.9122726352747,125.37107755417387
2022-12-02,131.352163983035,145.22388014617042,124.90739468252573
2022-12-05,133.2210482693858,144.57490455256118,125.06937056378725
2022-12-06,131.88331602714277,147.9055402870769,126.37174681881787
2022-12-07,129.03452578845682,148.86257235333855,125.66026408587226
2022-12-08,123.50875913898793,150.04670571913368,123.41567186607618
2022-12-09,122.59173969064653,150.36057077913793,121.12125233622766
2022-12-12,127.2133846136168,151.09752371737846,119.65325263927267
2022-12-13,128.13560720303104,152.72431062118153,118.13952266096483
2022-12-14,127.15356765439789,151.2162728347813,118.00419962000804
2022-12-15,128.13338007840275,153.04405850883938,116.6562308895602
2022-12-16,125.25571628792349,150.42683274767649,115.8856423110467
2022-12-19,124.7856577565033,151.1610142862169,115.03805697650706
2022-12-20,125.0595081980777,151.60360020779407,114.57824192770163
2022-12-21,124.98555615006819,150.4840970031153,116.15005915971068
2022-12-22,126.56553935277101,150.53001541437322,116.96823994072057
2022-12-23,127.31062292574813,149.40630594698126,117.03391195879362
2022-12-26,128.6833634748515,147.42762288401246,116.54220426790323
2022-12-27,127.45065321622215,146.83953198783595,116.08482213930328
2022-12-28,129.26912703148048,144.83403767418557,116.51250588882584
2022-12-29,132.55935951213763,145.53038350791294,117.24201523464023
2022-12-30,130.73577460960254,143.4567756363565,116.22920300741733
2023-01-02,129.0968456014975,144.87763303818775,116.3181299817981
2023-01-03,131.8018461051905,142.7550533862458,114.02443202851984
2023-01-04,131.5161251793206,141.7930236347153,114.31180877296248
2023-01-05,134.40891932586578,140.7307612029771,115.23244759267462
2023-01-06,133.6131593312601,143.26205095967808,114.95614243172294
2023-01-09,136.65704114239307,143.96486067719556,117.11026834283325
2023-01-10,137.0227163883834,143.65530392369547,116.12922398635051
2023-01-11,137.65081570224595,144.67647751015758,116.4285726998258
2023-01-12,141.01847748868656,140.85155854002247,116.43343398917409
2023-01-13,140.35351831570713,140.8570889504744,116.36324850658532
2023-01-16,138.4829951253216,144.6494902155356,116.27679694785033
2023-01-17,137.6506668472968,144.98553977201632,116.44797183746252
2023-01-18,138.6848489662491,145.20069413692508,117.48658619417552
2023-01-19,135.5604544695346,146.32681103105458,119.16409935748844
2023-01-20,136.95874687840055,148.12928208096668,119.2090920054077
2023-01-23,135.95149844432356,144.41893591800067,120.23307945080977
2023-01-24,138.40932013802149,141.3795487187829,119.44004359127331
2023-01-25,133.6202041558938,141.85166451929146,120.40656677667498
2023-01-26,132.14542117480187,140.6238366542589,119.5403722586027
2023-01-27,128.93468644088153,143.12878632806644,120.89963720669816
2023-01-30,127.43577694899054,142.62910101288352,123.65150503380853
2023-01-31,127.99964826760646,139.17034160542542,123.55004871628323
2023-02-01,127.74538671665627,136.9771989699577,120.91899901863749
2023-02-02,127.34990469958419,132.24664381625618,120.30620036374542
2023-02-03,127.13514824093892,131.9238762107955,121.84611716172728
2023-02-06,127.61290518743276,131.68017517108098,122.57090534927862
2023-02-07,125.78491984062705,131.0341599229777,122.92554141207535
2023-02-08,127.21469966249563,132.96467341067194,124.22140544874463
2023-02-09,128.57548929415944,135.1336430608538,124.87460023598274
2023-02-10,129.4107903611165,134.9155716831411,126.45509785973539
2023-02-13,130.58701261071826,131.3017579706354,127.67417672328236
2023-02-14,131.26078084731483,132.4390885574002,129.68371556562204
2023-02-15,135.42420856297295,133.47877997359964,130.20192175096022
2023-02-16,135.34211051634793,134.09715896362096,131.43850289949734
2023-02-17,134.81446186486258,135.90061422773542,131.087863608536
2023-02-20,133.39258708803678,133.93854503304624,130.35391895951636
2023-02-21,131.43502497115335,137.5647747977502,132.65090210882408
2023-02-22,129.0946099495955,135.94118579724181,132.99119566106523
2023-02-23,127.47414838952811,137.35409588456307,134.11957243337199
2023-02-24,127.42823974029211,134.45461576622122,134.33935973137397
2023-02-27,128.15850363741274,132.91811632846304,133.6071766749934
2023-02-28,128.34666693175194,135.64566269048822,133.6753108452696
2023-03-01,126.97013600385927,135.26750909693024,135.66298331457546
2023-03-02,128.78633041130044,136.83466339656073,136.47291187552554
2023-03-03,130.3138625262641,137.33920032010778,134.21076206349127
2023-03-06,130.09320344724205,137.23425066035307,133.9757711072978
2023-03-07,128.91553223195183,139.77295815792522,136.43958404239592
2023-03-08,130.07143763666528,139.42722966707336,136.20266226794948
2023-03-09,130.53004414763387,136.31838537314462,133.82582665055065
2023-03-10,127.81469436654025,134.98330409614297,136.43791039172376
2023-03-13,127.77383804928148,136.0355964241595,137.4270962374415
2023-03-14,128.36687152928653,136.81890749000252,137.38585662597998
2023-03-15,126.7348268799593,134.14032466741995,136.93128920485321
2023-03-16,127.18523627691039,132.96288089835613,138.4767969662281
2023-03-17,124.52696015424867,132.04035832458953,137.7834082364964
2023-03-20,127.13697281704614,131.49338103490726,139.43039426659092
2023-03-21,129.63000551569957,129.23980593434138,140.24451904735335
2023-03-22,129.23035649564483,128.26530510204762,140.6443386816604
2023-03-23,130.02780812244086,127.13237655075842,140.9054969214817
2023-03-24,125.49921539599502,128.4909933255257,140.7154478202848
2023-03-27,123.42754352894521,129.92760205679673,142.25143373069886
2023-03-28,122.97088352257212,129.75938516580854,141.08220343529075
2023-03-29,121.09381947297793,129.17722965660252,138.86794871159188
2023-03-30,122.48414094609299,129.49008970345352,139.77973658437705
2023-03-31,126.29759761297143,128.19965769892795,140.72114777287405
2023-04-03,124.17499082541939,126.37833381887764,141.4551447154788
2023-04-04,122.71073479696848,124.91795747835414,142.0898994568204
2023-04-05,123.23111321832512,123.96566232368018,141.691838537181
2023-04-06,126.33388760760668,122.17805538553195,142.8691784185787
2023-04-07,124.12544272320636,122.50921178256027,142.8612377892262
2023-04-10,124.67722914837522,123.7511295571524,142.22391166941102
2023-04-11,128.22002245768198,121.29677774242413,141.83774242783727
2023-04-12,125.1698138906328,121.40923231743655,144.79082899814225
2023-04-13,122.87348986520723,121.13525838075267,142.35734085893355
2023-04-14,122.18071134194652,121.74727405872545,143.127846528597
2023-04-17,121.31522982452591,121.79985539784828,140.80094540758498
2023-04-18,122.88898445516902,119.59157279170721,140.70490499166024
2023-04-19,123.42161746848642,117.71557300789605,140.15214044297184
2023-04-20,120.26310054734766,117.83128615663085,137.31509755105768
2023-04-21,121.28134396715957,119.48943709811779,137.90549654806927
2023-04-24,120.31940560192365,116.16871094201251,137.43736173928758
2023-04-25,122.7275218228681,116.76203616133472,134.63618287770336
2023-04-26,121.6627430211708,118.65297671444132,135.82562308086366
2023-04-27,120.59087113219478,118.4882422783011,137.84390773215128
2023-04-28,121.65881884240603,119.4104080575432,139.9693101003735
2023-05-01,123.14523823098189,118.39499726986655,140.5288420802351
2023-05-02,124.06255917552242,118.28236718428151,140.64983063867695
2023-05-03,121.0497947862996,115.88552291900982,142.58736463561422
2023-05-04,122.11613335543375,112.47448202048635,145.06453797267767
2023-05-05,120.32036381507498,113.92978354879071,146.77699878717712
2023-05-08,120.83029320167056,112.54772915036757,145.459695864469
2023-05-09,118.3600214866978,111.95035664601876,145.81117932695514
2023-05-10,119.2385181507794,110.01665676980706,146.5120465147144
2023-05-11,117.88703762813535,108.08329429799733,143.94215020287382
2023-05-12,115.72160364215038,107.90403672277915,144.67720534022834
2023-05-15,117.04923286544681,106.949609014546,148.06257804283578
2023-05-16,117.55652806774717,107.54091746380425,149.07273939338907
2023-05-17,116.56040725295709,108.24036999762943,151.34598413501683
2023-05-18,119.20889073469341,108.75802360974424,151.6837329331641
2023-05-19,118.50646928728756,109.16137127746946,151.63335450722525
2023-05-22,118.64658108478481,111.49037279345457,152.27348985441768
2023-05-23,119.2095500214294,110.01970933501823,151.09668243781041
2023-05-24,118.18933589407195,110.00715094326752,149.70731596830905
2023-05-25,119.11089196425688,111.70599106128196,151.67577852528674
2023-05-26,118.24433736315105,113.62565958880325,153.8331587050307
2023-05-29,117.5987686092352,111.61176103371237,152.37697770902966
2023-05-30,120.11122686150738,111.22618261362369,153.92070311861042
2023-05-31,118.33379630179218,113.27532769970531,153.84843896291622
2023-06-01,114.207584390703,114.09442692224687,154.43387959891362
2023-06-02,117.0828452362448,114.45306557106076,155.2083219880288
2023-06-05,121.73197265525918,114.19813090918225,156.82205141455867
2023-06-06,121.0789295757115,113.69796677537263,157.01461874959824
2023-06-07,117.6942397384414,114.19327025894242,159.30817502463802
2023-06-08,117.22941339916923,113.88754366326867,159.86579186805966
2023-06-09,116.80892369546076,113.89283704315518,160.93112930018088
2023-06-12,116.55818744497255,114.0776963909094,159.6595729117654
2023-06-13,114.70800250799016,113.14439486721626,163.20881741281207
2023-06-14,115.79057921159605,113.99818366738579,164.04302132367968
2023-06-15,116.78688971462914,118.4709397063536,165.28292340750454
2023-06-16,114.27807517992277,115.83501215353242,162.7111974780024
2023-06-19,115.56379153729725,116.39377243609519,161.44262469228968
2023-06-20,119.26083198601103,115.3183496137492,163.51891167038545
2023-06-21,119.65257854985786,116.2569461852631,164.05431508570365
2023-06-22,119.13204353206241,116.3971490112565,161.00891968044388
2023-06-23,118.96180072245335,117.62624167063254,162.7544567082125
2023-06-26,120.1488379831819,119.50924585189075,161.9365896086723
2023-06-27,117.15188047350966,119.88047611714778,164.3039401672091
2023-06-28,117.52335469716377,121.73078106880449,164.2253630579026
2023-06-29,116.91885158565857,118.14775724509117,164.62772560469034
2023-06-30,120.2890375827974,120.68838595442695,166.64674325805677
2023-07-03,120.0591937199836,121.35106507664935,165.2238683930228
2023-07-04,123.18696184582565,123.13726055636177,163.65701474948116
2023-07-05,121.24909984834915,121.27264654116945,163.40109441440126
2023-07-06,122.40754292221116,120.04195173919707,164.82422584563895
2023-07-07,123.0815319695507,120.34209484223236,162.71022136464475
2023-07-10,121.57256029506591,120.38765384197463,160.08268926441536
2023-07-11,121.98184599233039,120.90400412916331,161.47134537592493
2023-07-12,124.30770862337097,122.69426044854639,160.56485079862233
2023-07-13,123.79204945497122,119.9827172404375,160.0002944673031
2023-07-14,120.77432210747325,121.5842401794934,157.1196397285299
2023-07-17,120.82705856643041,121.67031152132294,156.1188784656507
2023-07-18,119.28599257429305,121.42124435232198,156.16952025021223
2023-07-19,118.75811704845964,119.19268197667921,157.69233125609068
2023-07-20,118.69592587166944,120.0467190729531,156.54344298813
2023-07-21,115.77865189269512,116.40757267878026,159.2232528945355
2023-07-24,113.08563005075176,117.463390251186,158.200270216019
2023-07-25,113.98607847859223,115.27600966946865,157.18616156797526
2023-07-26,113.17502813123458,115.42538336341639,159.68520698429523
2023-07-27,108.9799997388583,115.31587416090782,160.08725693493562
2023-07-28,110.34778249545299,117.15280293909976,159.26966551279173
2023-07-31,110.8771225012398,116.95117892161062,159.08639888041643
2023-08-01,109.7729850795544,115.97014325514922,161.31809798276382
2023-08-02,107.70133806753199,115.27803858588803,163.76626663235052
2023-08-03,109.13647099301804,117.27181121615018,162.49906956536057
2023-08-04,109.78669928430268,118.16314730061941,162.49511469475425
2023-08-07,113.86100158653132,117.64281990523465,162.70675088075131
2023-08-08,114.66114908637557,117.35215436330702,161.17441556049292
2023-08-09,115.41066831832525,115.05450566628213,161.14913725106385
2023-08-10,115.20266449395196,115.70642254705159,161.22219120347916
2023-08-11,116.70443188307102,113.15726069794323,163.13622336371702
2023-08-14,117.88632271514756,114.3371903605765,165.18397094857036
2023-08-15,120.20476558407903,114.59726903234069,164.7069335310304
2023-08-16,119.35196593422236,118.27995883543832,164.42066969665171
2023-08-17,118.65803639889518,116.67036726882938,165.5827592664377
2023-08-18,117.89084629949353,116.58469185167016,164.68247753543014
2023-08-21,119.38113507963861,119.41391290801519,165.72099857211055
2023-08-22,122.1801759638139,121.3505886507473,165.64162647657093
2023-08-23,121.42711424537038,120.32940531750047,164.10928735499402
2023-08-24,120.74037679869014,120.75269400811123,162.61154955578945
2023-08-25,121.39549296790805,120.82830784861692,165.0477476986172
2023-08-28,121.03349554395864,121.3447928190249,164.85570847859478
2023-08-29,122.86032423129419,120.31979725497544,167.64927328328562
2023-08-30,118.86298882755409,120.25229690885568,166.85710301790706
2023-08-31,117.48032816549514,117.85055385574388,167.4106586180014
2023-09-01,116.19091470886713,118.12860854923713,171.53315899247397
2023-09-04,112.29499745639664,118.89303254168833,169.79685083144938
2023-09-05,110.76100122356695,118.61319661355651,166.67146217100125
2023-09-06,109.32743784375252,116.21850566189258,168.89724017379245
2023-09-07,109.07446632720905,117.79231164803663,167.57355557358372
2023-09-08,110.98835819197059,118.42286595643137,167.6058897243667
2023-09-11,110.65855782417,117.38083305297894,166.6933916633532
2023-09-12,109.03699181307802,117.02362369703553,167.20787096448964
2023-09-13,109.02016672792804,114.83164786050422,165.69229317143478
2023-09-14,110.82700646698305,113.37906842423679,165.46058539460128
2023-09-15,109.29286380270067,112.65671167048488,166.2730248033155
2023-09-18,107.88571579756751,114.53892430845632,164.67075829248893
2023-09-19,108.86958676134364,113.6588219845327,163.5873724775644
2023-09-20,108.58439149455575,114.67751238739419,163.08530500655496
2023-09-21,109.72090812699491,113.94613518662347,160.83600657531935
2023-09-22,109.77526614745332,114.38262141065758,160.22188620931007
2023-09-25,111.01443030912952,114.24108717481091,160.47651513823524
2023-09-26,109.38065256504126,115.61442716695763,159.90055956811005
2023-09-27,109.43740633567403,114.88230890863133,159.53101494575998
2023-09-28,109.1684829479322,112.62518249297354,159.5630812364362
2023-09-29,107.2705384419229,110.68629166832409,158.58360063382258
2023-10-02,104.85745651898326,109.98957531717109,159.74719408937275
2023-10-03,106.01579648041255,108.28296118368254,162.12251420977518
2023-10-04,105.53301271270806,108.92728701756644,161.43595588798593
2023-10-05,103.9998666003203,108.33470790114963,162.28604504586792
2023-10-06,103.92265623279707,111.79820074203607,161.96241737471894
2023-10-09,105.77003066460489,109.3665601451219,162.620487775324
2023-10-10,102.28429555912615,109.7222758980356,165.2528930297632
2023-10-11,100.08367311048146,108.19000850710647,166.16206063419529
2023-10-12,98.77685049808298,107.56279342379224,163.30660327223976
2023-10-13,101.03641067420817,107.82540030377234,164.11532664271232
2023-10-16,101.5366440392008,104.67741961995449,166.2176425569027
2023-10-17,102.78398130024391,105.06320975580878,165.91607158769781
2023-10-18,101.11182708042246,107.75929219277305,167.6432845457822
2023-10-19,99.4976539043408,107.19024708731162,166.55694455797695
2023-10-20,100.23839218321658,107.61744555252068,164.16661688585643
2023-10-23,100.39630318875456,109.12638980565393,164.46430551327867
2023-10-24,101.29696679711593,108.95940203812849,161.66540396150663
2023-10-25,101.08294355812349,108.20449100130745,161.342765722653
2023-10-26,101.57663711703644,105.11324563132307,163.49779502962133
2023-10-27,101.88913855974282,106.05641591424603,160.4691761363418
2023-10-30,103.156974894186,105.96406093187596,158.49244192623794
2023-10-31,104.48640637478539,104.64096384692554,156.92791891330745
2023-11-01,102.04959294721392,104.87622612051575,156.89132780943243
2023-11-02,98.73602474134495,104.14592194390329,156.38113775790865
2023-11-03,100.30103892846292,103.49501751887954,158.64794772559597
2023-11-06,102.17550066616816,104.37657330746477,160.2333299913935
2023-11-07,100.69363440095407,102.63779993592605,161.09331523826907
2023-11-08,97.99192263014349,104.1072256665194,161.39263099016836
2023-11-09,98.20632036392838,102.29404538805503,162.09334868836856
2023-11-10,99.65688627054607,101.4774235441374,160.76643094900368
2023-11-13,102.45227359503959,104.10860635545724,162.21533414772895
2023-11-14,103.32109127501778,105.70902348175741,160.4856022899778
2023-11-15,102.81854954746568,105.90676270650752,161.89662319679337
2023-11-16,101.5213194723392,104.68252694997359,163.8939263716252
2023-11-17,101.60986123796319,104.02712444869341,164.30559436660673
2023-11-20,101.22559291570394,104.18876023056404,164.08194104756848
2023-11-21,99.76581611241274,104.30215864077508,164.80600298016452
2023-11-22,102.95139004112126,104.24154311270928,160.22095942819126
2023-11-23,105.81946286296133,104.26230773142844,160.7702683207653
2023-11-24,107.7135287885924,104.03454808038906,160.65238014474536
2023-11-27,106.31032759463072,102.1637903871917,160.6353067354615
2023-11-28,107.75797343724965,101.54100162875173,161.83898887649875
2023-11-29,108.87300615047582,102.81721360765277,161.78272898644042
2023-11-30,109.67487487371925,101.06505725146133,160.01254003544457
2023-12-01,111.82836999286899,100.87682509142152,159.85036528485372
2023-12-04,112.97830987936732,99.86741117358416,160.02238561110508
2023-12-05,114.3193749274684,100.07210473802077,160.27050671476977
2023-12-06,115.4975895576015,99.6275509381836,160.5944508507838
2023-12-07,116.17080107711004,101.6204566471358,162.33724631836918
2023-12-08,113.18315692542345,102.35328842798408,160.64799311849512
2023-12-11,113.40456888218557,100.6830032699511,160.99488556226524
2023-12-12,112.54113520351703,101.62636137372661,163.15030537348215
2023-12-13,110.47852815105472,100.66845462235676,160.40883577634767
2023-12-14,113.38038856463042,99.9761379356708,160.76155568678914
2023-12-15,116.44084387010385,100.44508739900475,159.88718320965484
2023-12-18,118.92245893169215,99.86491948468807,159.3592930662254
2023-12-19,119.46218483072471,101.09145410130009,157.9870839784857
2023-12-20,121.99246166284898,100.13877385188783,157.78254310116998
2023-12-21,122.09995967865346,99.39587932338708,160.77893255318318
2023-12-22,122.55770864525222,98.61050876419847,158.8223096760711
2023-12-25,120.64832869658551,97.94680566445281,157.03833194511608
2023-12-26,121.45390511753598,99.41609500970843,155.06906252511783
2023-12-27,121.64909112526101,100.29224500657743,157.8341447993933
2023-12-28,119.37870276210687,102.60817884529096,157.1689542077831
2023-12-29,119.3705904577786,105.74145596988001,157.19152676722607
2024-01-01,119.31140407214463,104.39666167416068,156.62229588383113
2024-01-02,122.65804155113531,104.55498939317123,155.21215444031884
2024-01-03,124.40141234727982,103.03024059779726,154.90955227837745
2024-01-04,124.50989804336423,102.05518190996443,158.82831658874983
2024-01-05,125.06292676450599,101.28340661871114,161.11921521960946
2024-01-08,125.23352700780019,99.96094704056343,159.81472571573124
2024-01-09,124.94035965057506,98.66251090565845,160.91735674134563
2024-01-10,123.0142365134984,98.53672769198883,159.64868674711767
2024-01-11,122.82177422403781,97.04861215558893,156.9005267416423
2024-01-12,121.53992877340931,98.17579121656536,158.57174267630018
2024-01-15,119.36524850989578,97.06965986420431,160.48621556588114
2024-01-16,120.36832715939111,100.74103964073689,162.23867883066572
2024-01-17,121.16162580208845,100.21173148047218,161.5427679407308
2024-01-18,118.04014660116644,100.36579799352734,161.33810067257448
2024-01-19,117.90562572445884,98.7490769491988,162.61733825635955
2024-01-22,119.76362916028258,101.02431689942331,163.32054168336617
2024-01-23,121.76688027141644,102.5668476389269,162.7439990858307
2024-01-24,123.74165341078067,103.02530775554916,160.19433792669926
2024-01-25,123.90060233598025,101.2979557891134,160.44102702317656
2024-01-26,122.42565774037884,101.63672137391539,162.24646022725312
2024-01-29,120.53600292458329,100.2258658036979,160.37914297901077
2024-01-30,121.24551765414424,102.21075586368842,161.47143427945554
2024-01-31,122.02265959217698,103.35363394319602,162.07248386702383
2024-02-01,124.4889215638919,103.5440529514662,163.35816950570916
2024-02-02,126.64861278866668,100.37611403235596,164.8547699303261
2024-02-05,126.4861724415026,99.16051127218195,163.7793756408757
2024-02-06,124.23437533610202,100.11111888222337,161.216899091443
2024-02-07,123.72771523110006,101.76316949660024,160.42322230159937
2024-02-08,124.21845807702461,103.3031070331783,161.92070426783278
2024-02-09,123.9292112446426,101.24783108855952,161.10989286698947
2024-02-12,122.94561632663554,101.70652541799198,160.05960278873
2024-02-13,123.49928741554066,103.11997974533264,157.2336255131769
2024-02-14,122.65505933234996,100.98124432656262,160.07768608382077
2024-02-15,121.59003641029737,101.03146885760283,161.46951638886796
2024-02-16,122.24495031367486,101.45263023351761,162.78256148559805
2024-02-19,121.59513160315203,101.11738328452707,164.4312558867574
2024-02-20,122.12663502582295,98.77099103300957,165.44845052910327
2024-02-21,122.71401400317052,98.41270122161836,165.11073674507625
2024-02-22,120.71895086009192,98.05366223081562,164.9065153234087
2024-02-23,119.93458952489415,97.92383291521917,164.26863333520978
2024-02-26,122.63508547346795,97.26749201483169,168.72168168570002
2024-02-27,120.60032368963549,96.76696591285211,169.73011619333752
2024-02-28,116.91324354106918,96.77507709821292,169.01232129511735
2024-02-29,113.77291342514113,97.39174008557603,169.86883613078527
2024-03-01,113.90230683954323,97.06529099241693,168.22761235702043
2024-03-04,114.03493885456064,96.60769718197851,170.84606819301703
2024-03-05,113.91365165726283,96.78180594608044,169.788284246792
2024-03-06,116.08858543707343,94.45156037695955,170.7094738831177
2024-03-07,111.60446417609661,95.09615818788335,172.60796154889584
2024-03-08,112.3478721347689,95.15253645942529,173.34270524967198
2024-03-11,115.09082875320817,95.2587874757601,173.57595596220082
2024-03-12,113.23948590872699,96.51387811940795,173.664158569123
2024-03-13,112.67502863541692,94.15103148665993,173.6356086235809
2024-03-14,111.48771929251957,91.82093947891417,172.70620521380394
2024-03-15,110.0791060531703,92.20365948521444,172.0004478870814
2024-03-18,109.6184087210939,92.25046295470474,174.63410989372264
2024-03-19,112.06931933200941,92.51026410398404,174.51446256109168
2024-03-20,115.28166591060882,92.01135098145038,173.21778151943644
2024-03-21,114.78253224979629,92.8651598948435,172.3947110771012
2024-03-22,118.19256692465412,94.05435430058033,174.3719020434789
2024-03-25,118.33846482331607,94.70479402709135,175.6241943401697
2024-03-26,121.57778089967317,94.44086318934916,176.6816886703772
2024-03-27,121.49276943987905,91.94346618867498,176.29778622889503
2024-03-28,121.81708515140166,92.92325718378714,177.38245375658656
2024-03-29,122.57250527723981,94.46755418473923,176.31506663038468
2024-04-01,128.64871365694793,95.31962260114521,175.9282788802306
2024-04-02,130.39324206835067,94.2923763176933,177.71381055182047
2024-04-03,129.10756002280874,95.17903229164679,179.3460585234856
2024-04-04,131.08956916235186,96.30753441199646,177.6647111587759
2024-04-05,130.47130735396135,98.33806310880057,176.2217005062652
2024-04-08,129.60703732944475,97.28275488152846,176.4839408988742
2024-04-09,131.47754850302766,97.05499992132816,179.62856831708848
2024-04-10,131.63097809392164,98.06125789764897,176.29091523474833
2024-04-11,132.2747271127119,98.19336971522087,176.85300146555926
2024-04-12,132.39512255105447,96.83547806585901,174.50588290680108
2024-04-15,133.15842050251194,97.4172644269711,173.47181629220637
2024-04-16,134.10378826573955,98.21176837090272,172.90993636473553
2024-04-17,130.35474418456903,98.38315168422231,172.25324979615638
2024-04-18,131.75684301761058,98.7236142619132,171.4047668539678
2024-04-19,129.9211637992689,98.45120000677254,171.48570110758249
2024-04-22,127.22960240684789,100.42173020790098,170.63850824342956
2024-04-23,127.20719051274385,99.31231900185654,168.22842998708313
2024-04-24,127.4567247865988,98.61609187257494,169.6133532891159
2024-04-25,126.22604417951375,98.68937227044344,170.9635158174478
2024-04-26,127.89885790387471,99.88341600360934,172.48010889106345
2024-04-29,125.4374404034759,98.0166943519712,169.91096661833765
2024-04-30,124.76138527734932,96.41906549884746,170.48780267633938
2024-05-01,123.75822738914796,93.95476906869034,171.71283956457222
2024-05-02,123.7583747784667,94.05112564666639,170.0192257806403
2024-05-03,124.3641603114815,92.74933657668966,170.1028503152557
2024-05-06,122.58389395090401,92.34221435276231,169.97316803619077
2024-05-07,124.00971190141603,93.1954884832999,173.2026153343958
2024-05-08,124.21388016892563,92.47693465269019,176.6388153464111
2024-05-09,120.82288658598826,92.81107029169792,173.79274916363224
2024-05-10,117.4070379945098,92.50609477554036,178.25279913469382
2024-05-13,117.46754293076475,93.37391447117047,176.6994921745362
2024-05-14,117.16082402699448,94.00882706282127,178.51225214346312
2024-05-15,117.06112725993762,93.22291352383087,180.32525962169765
2024-05-16,117.09393977830076,93.07457671276369,178.6101175159734
2024-05-17,117.5730584403607,94.40270582213415,179.56513187805368
2024-05-20,119.3397728218688,94.94365737768898,179.44390575997582
2024-05-21,117.44945666022468,93.29095228123084,180.51357025327965
2024-05-22,115.48359798200585,94.14594301000844,181.00283233976205
2024-05-23,113.68468023449239,92.88351910291594,183.254532472916
2024-05-24,114.25838322178328,94.6616443349878,183.46612943366512
2024-05-27,116.4936323861963,95.98790368084849,183.23167376389037
2024-05-28,115.82338900202596,96.40814515836703,185.3251725020838
2024-05-29,111.63571489009661,96.6633881797975,186.47849628205168
2024-05-30,108.89467511280111,96.45892779389857,187.92333083484363
2024-05-31,107.61774826924626,97.37194307717655,186.75324466136715
2024-06-03,106.7959118839446,96.96188801106133,184.88528846449276
2024-06-04,106.21802466097874,97.31765311715156,183.91217777628992
2024-06-05,106.3539343147878,98.48611258720446,182.84707269026006
2024-06-06,105.93188995831042,97.82812028706196,184.36401170820525
2024-06-07,107.6878144368461,97.10584397358224,186.2466682122182
2024-06-10,106.67599693860907,95.66713354497294,186.0323652713307
2024-06-11,105.37879239705954,94.40902398470108,188.7889747583318
2024-06-12,106.21279038067158,92.24679341543896,191.46682375955356
2024-06-13,103.86686213436465,93.18206773008065,192.01020827258313
2024-06-14,104.54893954862983,95.45655150476186,190.51475030376625
2024-06-17,104.78321329479394,97.30014332005706,193.6172723370112
2024-06-18,104.62493873306131,95.32206957017418,193.57658339125157
2024-06-19,107.22249680023275,96.28229742465261,193.8985076902882
2024-06-20,106.30081721663751,98.137725771896,193.31844739546975
2024-06-21,109.7140511033463,97.6152105757327,191.6826063841448
2024-06-24,109.42025006164286,97.80269607967055,188.9636215782885
2024-06-25,107.41939230731722,95.34000805627382,190.2393852222922
2024-06-26,107.60741102049917,95.72860000709817,188.83038736902753
2024-06-27,105.95832357797322,94.47080339491971,194.774894214063
2024-06-28,104.84357791831434,94.77314449507685,192.74802525331899
2024-07-01,105.54369151727452,92.92478897121276,190.415769612411
2024-07-02,106.50146448832956,93.63905981399239,191.4662072644731
2024-07-03,105.58604581267781,94.95150303840151,194.49461269875502
2024-07-04,107.2365667045022,94.04608505950027,194.69814036283927
2024-07-05,109.19113887241122,92.7219226738339,195.89382146800966
2024-07-08,111.64726039087074,90.21327918759603,192.3924528411153
2024-07-09,112.61620722387107,89.95533412731254,191.1698300627265
2024-07-10,115.02357096776359,89.33135432499144,189.20404546063003
2024-07-11,111.90217989594053,87.60072605073388,185.72657769954185
2024-07-12,111.44781981602554,88.17103696390204,186.0183606767398
2024-07-15,110.08484853843026,87.70938577453877,181.96549950372176
2024-07-16,110.35912345503489,86.54325507007849,179.64723928947913
2024-07-17,109.49381552446924,85.97313865900551,178.75626114406455
2024-07-18,109.29773812780275,87.23118257216768,177.34736969925333
2024-07-19,112.50619918655124,87.97036932529743,178.12301996988907
2024-07-22,112.29872712220785,87.87450409070719,178.73964269344782
2024-07-23,113.07704627509729,88.63777064401418,180.41652841927421
2024-07-24,112.76267307779366,87.36250766777898,181.85179855542518
2024-07-25,112.96986154969755,87.4517338374216,184.01185586861035
2024-07-26,113.05917128999266,87.67196843962972,184.08194387196767
2024-07-29,113.90174404238498,87.19040963078578,184.71529146659438
2024-07-30,115.9913704211728,87.73801764217181,185.73683599826808
2024-07-31,118.97658456422056,86.90448717596362,186.0745460439711
2024-08-01,119.61413338029865,87.53487945051211,185.4110839830766
2024-08-02,120.76109953238132,88.21804202995074,184.86965518005636
2024-08-05,118.77741058572542,84.98616017876903,183.43775977604878
2024-08-06,118.704010882805,86.36326363251395,184.28649679690463
2024-08-07,120.474418176333,83.05833336803991,184.18698100407832
2024-08-08,122.134996622955,82.4452581289474,183.04274507832633
2024-08-09,122.60908317789512,83.60171713034585,181.9073073447329
2024-08-12,124.3371736870761,83.3075625767773,179.7906772018217
2024-08-13,125.34356896952316,81.78377828888911,181.6318221955636
2024-08-14,127.71013333734717,80.67754894879299,181.84739746008105
2024-08-15,128.35546687770056,81.81086898145628,180.35729572352227
2024-08-16,127.7618552528599,79.84047237599604,181.89422506530738
2024-08-19,128.49701108757614,81.0695503733757,180.95001792456998
2024-08-20,123.05688503342849,81.06012032097473,178.49415271745949
2024-08-21,123.8523356495407,79.86118709680521,180.39845904086332
2024-08-22,117.338605842218,79.30565759601693,179.50392891493712
2024-08-23,114.42411714872145,78.3108022987385,178.8429604571686
2024-08-26,115.28281843302686,79.24517134375935,178.98820415531614
2024-08-27,116.19285341080561,80.05132912673454,181.11746475590985
2024-08-28,114.26438253083317,78.32908173434951,181.22623542324882
2024-08-29,113.12952234001905,77.96595450746186,179.13773853725658
2024-08-30,115.56018685357401,77.14222817017102,180.18674206329212
2024-09-02,114.80454119640105,78.4974756314464,179.38671092496338
2024-09-03,118.81585353018966,77.17805679143893,182.87870364839557
2024-09-04,118.89562976275027,78.85180120108272,182.94982122123983
2024-09-05,119.7093342755515,78.86498383127358,178.9777612482074
2024-09-06,122.73403610042995,77.7292922246683,179.69037107260226
2024-09-09,123.0616085908643,77.09416627013405,183.2921241502287
2024-09-10,121.31008495728513,76.3407268365628,186.27803879880085
2024-09-11,121.19539057338355,75.13124586928144,189.79602307248854
2024-09-12,121.21549115725132,75.26906885718259,187.94555707216966
2024-09-13,118.84246059804364,74.1215546603815,189.74363181850654
2024-09-16,118.47017894629765,72.09333618452403,188.45399324094504
2024-09-17,117.24061869945986,71.78143098831625,188.9527159131428
2024-09-18,118.96076815565718,70.1607256444913,186.63732199744268
2024-09-19,119.10589096777417,69.51973015710207,185.51258463961773
2024-09-20,118.68477172549797,68.74419261217207,184.33601386207084
2024-09-23,118.57886567247998,68.01079570528033,186.07425366419255
2024-09-24,119.05970650057789,69.84503297298996,187.6452099069801
2024-09-25,120.25052989396501,69.93822298743495,188.24064969040555
2024-09-26,118.54369563564065,70.20377936968508,185.78999591420157
2024-09-27,116.78770712752697,68.64230042066191,185.28600185417676
2024-09-30,118.82217002506297,68.10205903547187,183.98227518593245
